,,,,,,,,
10clouds,,,,,,,,
34 attack,,,,,,,,
4everland,,,,,,,,
51 attack,51 attacks,,,,,,,
Aleph,,,,,,,,
algorand,,,,,,,,
Algorithmic stablecoins,Algorithmic stable coins,Algorithmic stablecoin,Algorithmic stable coin,,,,,
alphatoken,,,,,,,,
alphawallet,,,,,,,,
altcoin,altcoins,,,,,,,
amazix,,,,,,,,
anchor,,,,,,,,
Ape yacht club,,,,,,,,
apecoin,,,,,,,,
arbitrage,,,,,,,,
arbitrum,,,,,,,,
architecture,,,,,,,,
Archive node,,,,,,,,
arctouch,,,,,,,,
Artificial intelligence,ai,,,,,,,
Asset tokenization,,,,,,,,
Asymmetric cryptography,,,,,,,,
atom,,,,,,,,
Atomic swaps,,,,,,,,
attarius,Attarius network,,,,,,,
Augmented reality,ar,,,,,,,
authentication,,,,,,,,
autoglyphs,autoglyph,,,,,,,
Automated trading,,,,,,,,
autonopoulos,,,,,,,,
avalanche,,,,,,,,
Axie infinity,axieinfinity,,,,,,,
Backed stablecoin,Backed stablecoins,Backed stable coin,Backed stable coins,,,,,
Basic attention token,Basic attention tokens,,,,,,,
Batman,,,,,,,,
bigchaindb,,,,,,,,
binance,,,,,,,,
binance launchpad,,,,,,,,
Binance margin trading,,,,,,,,
Binance smart chain,,,,,,,,
Bit country,,,,,,,,
Bitcoin,btc,Bitcoins,,,,,,
Bitcoin cash,,,,,,,,
Bitcoin dominance,,,,,,,,
Bitcoin etf,Bitcoin etfs,,,,,,,
Bitcoin forks,Bitcoin fork,,,,,,,
Bitcoin mining,,,,,,,,
bitcointalk,,,,,,,,
bitmain,,,,,,,,
bitmex,,,,,,,,
bitshares,,,,,,,,
bittorrent,,,,,,,,
bittrex,,,,,,,,
bitwala,,,,,,,,
Block lattice,,,,,,,,
Block size,,,,,,,,
blockchain,Blockchain technology,Blockchain technologies,,,,,,
Blockchain app factory,,,,,,,,
Blockchain association,,,,,,,,
Blockchain bridge,,,,,,,,
Blockchain design,,,,,,,,
Blockchain gaming,Web3 games,Web3 gaming,Blockchain games,Crypto gaming,Crypto games,,,
Blockchain quality engineer,,,,,,,,
Blockchain scalability problem,,,,,,,,
Blockchain security,,,,,,,,
Blockchain size,,,,,,,,
blockcypher,,,,,,,,
blockfi,,,,,,,,
blockfolio,,,,,,,,
blockscale,Block scale,,,,,,,
blockspace,,,,,,,,
blockstack,,,,,,,,
bnb chain,,,,,,,,
Bored ape,,,,,,,,
Bsc wallet,,,,,,,,
Bug bounties,Bug bounty,,,,,,,
buildscape,,,,,,,,
Byzantine fault tolerance,,,,,,,,
Byzantine generals problem,Byzantine general problem,,,,,,,
callisto,,,,,,,,
cardano,Cardano blockchain,,,,,,,
carlota,,,,,,,,
Casper network,Casper networks,,,,,,,
casperlabs,,,,,,,,
cdx,,,,,,,,
celo,,,,,,,,
cennznet,,,,,,,,
censorship,,,,,,,,
Centralised crypto exchanges,Centralized crypto exchanges,Centralised crypto exchange,Centralized crypto exchange,,,,,
Centralised exchanges,Centralized exchanges,,,,,,,
Centralised network,Centralized network,,,,,,,
centralized,centralised,,,,,,,
Cloud mining,,,,,,,,
codenotary,,,,,,,,
codezeros,,,,,,,,
coinbase,,,,,,,,
Coinbase wallet,,,,,,,,
Coincheck,,,,,,,,
coinfabrik,,,,,,,,
coinjoin,,,,,,,,
coinmama,,,,,,,,
coinstats,,,,,,,,
coinvest,,,,,,,,
Cold wallet,Cold wallets,,,,,,,
collateralised,collateralized,collateralization,Collateralisation,,,,,
Collateralised debt,Collateralized debt,,,,,,,
Collateralised stablecoin,Collateralized stablecoin,Collateralised stablecoins,Collateralized stablecoins,,,,,
Commodity backed,,,,,,,,
Composability,,,,,,,,
concordium,,,,,,,,
consensus,Consensus mechanisms,Consensus mechanism,Consensus algorithm,Consensus algorithms,Consensus protocols,Consensus protocol,Consensus method,Consensus methods
Consortium blockchain,consortia,Consortium,,,,,,
Coral protocol,,,,,,,,
corda,Corda blockchain,,,,,,,
Corda workspace,,,,,,,,
cordapp,,,,,,,,
cortex,,,,,,,,
cosmos,,,,,,,,
Counterfeit drugs,Counterfeit drug,,,,,,,
cpchain,,,,,,,,
cronos,,,,,,,,
Cross chain bridges,Cross chain bridge,,,,,,,
Cross chain update,,,,,,,,
crowdcreate,,,,,,,,
crypterium,,,,,,,,
Crypto asset,Crypto assets,cryptoasset,cryptoassets,,,,,
Crypto bank,,,,,,,,
Crypto compliance,Cryptocurrency compliance,,,,,,,
Crypto custody,,,,,,,,
Crypto exchange,,,,,,,,
Crypto lending,Cryptocurrency lending,,,,,,,
Crypto liquidity,Cryptocurrency liquidity,,,,,,,
Crypto mining,mining,Blockchain mining,Cryptocurrency mining,,,,,
Crypto shilling,Cryptocurrency shilling,,,,,,,
Crypto staking platform,Crypto staking platforms,,,,,,,
crypto tax,,,,,,,,
Crypto wallet,Crypto wallets,Cryptocurrency wallet,Cryptocurrency wallets,Blockchain wallet,Blockchain wallets,,,
cryptocompare,,,,,,,,
cryptocurrency,cryptocurrencies,crypto,,,,,,
cryptoderivatives,,,,,,,,
cryptoeconomics,Crypto economic,cryptoeconomic,,,,,,
Cryptographic hash,Cryptographic hashing,,,,,,,
cryptography,,,,,,,,
cryptohopper,,,,,,,,
cryptokitties,,,,,,,,
cryptomarket,,,,,,,,
cryptonite,,,,,,,,
cryptopunk,cryptopunks,Crypto punk,Crypto punks,,,,,
cryptos,,,,,,,,
Curve dao token,,,,,,,,
Custodial nft,Custodial nfts,,,,,,,
Custodial wallet,Custodial wallets,,,,,,,
custodian,,,,,,,,
Cyber attacks,Cyber attack,cyberattack,Cyberattacks,,,,,
cybersecurity,,,,,,,,
dai,,,,,,,,
dao,Decentralised autonomous organisation,Decentralized autonomous organization,Decentralised autonomous organisations,Decentralized autonomous organizations,daos,,,
Dao maker,,,,,,,,
daolaunch,,,,,,,,
dappchains,dappchain,,,,,,,
dapps,Decentralised applications,Decentralised application,Decentralized applications,decentralized application,dapp,Decentralised app,Decentralized app,
Dark web,,,,,,,,
dash,Dash platform,,,,,,,
Ddos attack,Ddos attacks,,,,,,,
Debt security,,,,,,,,
decentraland,,,,,,,,
decentralised,decentralized,decentralisation,decentralization,,,,,
Decentralised cloud computing,Decentralized cloud computing,,,,,,,
decentralised cloud storage,decentralized cloud storage,,,,,,,
Decentralised custody,decentralized custody,,,,,,,
Decentralised database,Decentralized database,Decentralised data,Decentralized data,,,,,
decentralised exchange,Decentralised exchanges,Decentralized exchange,Decentralized exchanges,Crypto exchange,Cryptocurrency exchange,,,
Decentralised governance,Decentralized governance,,,,,,,
Decentralised identity,Decentralized identity,Decentralised identities,Decentralized identities,,,,,
Decentralised internet,Decentralized internet,,,,,,,
Decentralised marketplaces,Decentralised marketplace,Decentralized marketplaces,Decentralized marketplace,,,,,
Decentralised network,Decentralized network,,,,,,,
Decentralised social media,decentralized social media,,,,,,,
Decentralised society,decentralized society,,,,,,,
Decentralised storage,Decentralized storage,,,,,,,
Decentralised system,Decentralised systems,Decentralized system,Decentralized systems,,,,,
Decentralised web,Decentralized web,,,,,,,
deepfakes,deepfake,Deep fake,Deep fakes,,,,,
defi,Decentralised finance,Decentralized finance,,,,,,
Defi ecosystem,,,,,,,,
Defi insurance,,,,,,,,
Defi loans,,,,,,,,
Defi protocols,Defi protocol,,,,,,,
defichain,Defi chain,,,,,,,
Deflationary cryptocurrencies,Deflationary crypto,Deflationary cryptocurrency,,,,,,
Delegated proof of stake,dpos,,,,,,,
Denial of service,,,,,,,,
Digital art,,,,,,,,
Digital assets,,,,,,,,
Digital currencies,Digital currency,,,,,,,
Digital democracy,,,,,,,,
Digital signature,Digital signatures,,,,,,,
Distributed computing,,,,,,,,
Distributed ledgers,Distributed ledger,Distributed ledger technology,,,,,,
docker,,,,,,,,
Doge coin,dogecoin,,,,,,,
Double spending,Double spending problem,,,,,,,
dragonchain,,,,,,,,
easyfi,,,,,,,,
Eclipse attack,,,,,,,,
Ecosystem fund,,,,,,,,
eip 1559,,,,,,,,
Electroneum,,,,,,,,
electrum,,,,,,,,
Elliptic curve cryptography,,,,,,,,
Elon musk,,,,,,,,
End to end encryption,,,,,,,,
Enjin coin,,,,,,,,
Enterprise ethereum,,,,,,,,
Enterprise ethereum alliance,,,,,,,,
enterprise nft,Enterprise nfts,,,,,,,
Equity token offerings,Equity token offering,,,,,,,
Erc 1155,erc1155,,,,,,,
Erc 1450,erc1450,,,,,,,
Erc 721,erc721,,,,,,,
Erc 777,erc777,,,,,,,
erc20,erc 20,,,,,,,
Escrow smart contract,Escrow smart contracts,,,,,,,
etfs,etf,Exchange traded fund,Exchange traded funds,,,,,
eth,ether,,,,,,,
ethdenver,,,,,,,,
etherbots,Ether bots,etherbot,Ether bot,,,,,
etherdelta,,,,,,,,
ethereum,Ethereum blockchain,,,,,,,
Ethereum later,,,,,,,,
Ethereum name service,,,,,,,,
Ethereum virtual machine,,,,,,,,
Ethereum workspace,,,,,,,,
ethermint,,,,,,,,
etherscan,,,,,,,,
ethino,,,,,,,,
etoro,,,,,,,,
everipedia,,,,,,,,
exodus,,,,,,,,
Fan tokens,Fan token,,,,,,,
faucet,,,,,,,,
Federated learning,,,,,,,,
Fiat backed stable coin,Fiat backed stable coins,Fiat backed stablecoin,Fiat backed stablecoins,,,,,
Fiat money,fiat,Fiat currency,,,,,,
Financial nfts,Financial nft,,,,,,,
fintrux,,,,,,,,
forking,fork,forks,,,,,,
forte,,,,,,,,
Fractional nft,Fractional nfts,,,,,,,
Fractional ownership,Fractional owner,,,,,,,
fractionalization,,,,,,,,
Game theory,,,,,,,,
gamefi,,,,,,,,
ganache,,,,,,,,
gas,Eth gas,Ether gas,Ethereum gas,,,,,
Gas fees,Gas price,,,,,,,
Gas limit,,,,,,,,
Genesis block,,,,,,,,
Gig economy,,,,,,,,
Global expertise bank,,,,,,,,
Gravity dex,,,,,,,,
hackatom,Hack atom,,,,,,,
halving,,,,,,,,
Hard forks,Hard fork,,,,,,,
hardhat,,,,,,,,
Hardware wallets,Hardware wallet,,,,,,,
hash,hashes,,,,,,,
Hash function,Hashing function,,,,,,,
Hash rate,hashrate,,,,,,,
hashgraph,Hash graph,,,,,,,
hashing,,,,,,,,
hashlock,,,,,,,,
healthcare,,,,,,,,
Hedera hash graph,Hedera hashgraph,,,,,,,
Heimdall layer,,,,,,,,
helium,,,,,,,,
Hive,,,,,,,,
holochain,,,,,,,,
holonfts,,,,,,,,
Homomorphic encryption,,,,,,,,
Hot wallet,Hot wallets,,,,,,,
humanode,,,,,,,,
Hybrid blockchain,,,,,,,,
Hybrid security,Hybrid securities,,,,,,,
Hyper ledger composer,hyperledger composer,,,,,,,
Hyper ledger iroha,Hyperledger iroha,,,,,,,
hyperledger,Hyper ledger,,,,,,,
Hyperledger fabric,Hyper ledger fabric,,,,,,,
Identity mining,,,,,,,,
ignite,,,,,,,,
immutability,,,,,,,,
Impermanent loss,,,,,,,,
infura,,,,,,,,
Ingot coin,,,,,,,,
Initial coin offering,ico,Initial coin offerings,,,,,,
Initial exchange offering,,,,,,,,
Inter ledger protocol,interledger protocol,,,,,,,
interchain,,,,,,,,
Interchain security,,,,,,,,
Internet of blockchains,Internet of blockchain,,,,,,,
Internet of things,iot,,,,,,,
interoperability,blockchain interoperability,,,,,,,
iotex,,,,,,,,
ipfs,,,,,,,,
kardiachain,,,,,,,,
kodakcoin,,,,,,,,
koinos,,,,,,,,
kraken,,,,,,,,
kubernetes,,,,,,,,
kurtosis,,,,,,,,
kyc,,,,,,,,
launchpads,,,,,,,,
layer,,,,,,,,
Layer one,Layer 1,layerone,,,,,,
Layer zero,Layerzero,Layer 0,,,,,,
Lightning network,,,,,,,,
limechain,,,,,,,,
Liquid democracy,,,,,,,,
Liquid network,,,,,,,,
Liquid staking,,,,,,,,
Liquidity,,,,,,,,
Liquidity mining,,,,,,,,
Liquidity network,,,,,,,,
Liquidity pool,Liquidity pools,,,,,,,
Liquidity provider,Liquidity providers,,,,,,,
litecoin,,,,,,,,
luna,,,,,,,,
Machine learning,,,,,,,,
Magic internet money,,,,,,,,
mapping,,,,,,,,
mastercoin,,,,,,,,
Merkle tree,Merkle trees,,,,,,,
meta,,,,,,,,
metacert,,,,,,,,
metadata,,,,,,,,
metafi,,,,,,,,
metahash,,,,,,,,
metahero,,,,,,,,
metamask,,,,,,,,
Metamask wallet,,,,,,,,
metaverse,metaverses,Meta verse,Meta verses,,,,,
Metaverse wallet,,,,,,,,
Metis protocol,,,,,,,,
micropayments,micropayment,,,,,,,
Miner extractable value,,,,,,,,
Mining pool,,,,,,,,
minting,,,,,,,,
mixbytes,,,,,,,,
monero,,,,,,,,
Money laundering,,,,,,,,
moonbeam,,,,,,,,
moonbirds,,,,,,,,
Moore law,,,,,,,,
Multisig wallets,Multisig wallet,Multisignature wallet,Multisignature wallets,,,,,
multisignature,,,,,,,,
myetherwallet,,,,,,,,
mysql,,,,,,,,
mythx,,,,,,,,
nano,,,,,,,,
Network effect,,,,,,,,
Network layer,,,,,,,,
neuromorphic,,,,,,,,
newdex,,,,,,,,
Nft collection,,,,,,,,
Nft fragmentation,,,,,,,,
Nft lending,,,,,,,,
Nft marketplace,Nft marketplaces,,,,,,,
Nft platform,,,,,,,,
nfts,nft,Non fungible tokens,Non fungible token,,,,,
Nodle cash,,,,,,,,
Non custodial nft,Non custodial nfts,,,,,,,
Non custodial wallet,Non custodial wallets,,,,,,,
nonce,,,,,,,,
Octopus network,,,,,,,,
odyssey,,,,,,,,
Olympus pro,,,,,,,,
oneledger,,,,,,,,
Online art trading,,,,,,,,
openbazaar,,,,,,,,
openchain,,,,,,,,
openfinance,,,,,,,,
openledger,Open ledger,,,,,,,
opensea,,,,,,,,
openzeppelin,,,,,,,,
Oracle protocols,Oracle protocol,,,,,,,
oracles,oracle,Blockchain oracles,Blockchain oracle,,,,,
oraclize,oraclise,,,,,,,
ouroboros,,,,,,,,
p2p,,,,,,,,
P2p lending,,,,,,,,
P2p networks,,,,,,,,
pancakeswap,,,,,,,,
Panther protocol,,,,,,,,
parachain,Parachains,,,,,,,
paradex,,,,,,,,
parastate,,,,,,,,
paxos,,,,,,,,
Permissioned,Permissioned blockchain,Permissioned blockchains,,,,,,
Permissioned ledger,Permissioned ledgers,,,,,,,
permissionless,Permissionless blockchain,Permissionless blockchains,,,,,,
Phishing attack,Phishing attacks,,,,,,,
Play to earn,p2e,,,,,,,
polkastarter,,,,,,,,
polygon,,,,,,,,
Polygon bridge,,,,,,,,
Polygon matic,,,,,,,,
Polynomial commitment,,,,,,,,
polyswarm,,,,,,,,
Portfolio tracker,,,,,,,,
postgresql,,,,,,,,
Power ledger,,,,,,,,
Prediction market,,,,,,,,
Privacy coins,,,,,,,,
Private blockchain,Private blockchains,,,,,,,
Private data,,,,,,,,
Private key,,,,,,,,
Private keys,,,,,,,,
Private network,,,,,,,,
Private transactions,Private transaction,,,,,,,
Proof of activity,,,,,,,,
Proof of authority,,,,,,,,
Proof of believability,,,,,,,,
Proof of capacity,poc,,,,,,,
Proof of concept,,,,,,,,
Proof of history,poh,,,,,,,
Proof of importance,poi,,,,,,,
Proof of inclusion,,,,,,,,
Proof of publication,,,,,,,,
Proof of stake,pos,,,,,,,
Proof of weight,,,,,,,,
Proof of work,pow,,,,,,,
protocol,protocols,,,,,,,
Public blockchain,Public blockchains,,,,,,,
Public key,,,,,,,,
Public ledger,,,,,,,,
Quadratic voting,,,,,,,,
qualtrics,,,,,,,,
Quantum computing,,,,,,,,
Quantum cryptography,,,,,,,,
quarkchain,,,,,,,,
radix,,,,,,,,
Rari token,,,,,,,,
retrievability,,,,,,,,
Ricardian contracts,Ricardian contract,,,,,,,
ripple,Ripple coin,,,,,,,
ripplenet,,,,,,,,
robinhood,,,,,,,,
rollux,,,,,,,,
Routing attacks,Routing attack,,,,,,,
Rug pull,Rug pulls,,,,,,,
Satoshi nakamoto,,,,,,,,
scalability,,,,,,,,
Securitisation,securitization,,,,,,,
Security protocol,Security protocols,,,,,,,
Security token issuances,Security token issuance,,,,,,,
security token offerings,Security token offering,,,,,,,
Security tokens,Security token,Security token blockchain,Security tokens blockchain,,,,,
Self collateralized,Self collateralised,,,,,,,
Self sovereign identity,,,,,,,,
Selfish mining,,,,,,,,
Sha 256,sha256,,,,,,,
sharding,Blockchain sharding,shard,,,,,,
shrapnel,,,,,,,,
Sidetone,,,,,,,,
slippage,,,,,,,,
slothicorn,,,,,,,,
Smart city,,,,,,,,
Smart contract auditing,Smart contract audit,,,,,,,
Smart contract platform,Smart contract platforms,,,,,,,
Smart contracts,Smart contract,,,,,,,
Social tokens,,,,,,,,
Social trading,,,,,,,,
socialfi,,,,,,,,
Soft fork,Soft forks,,,,,,,
Software wallets,Software wallet,,,,,,,
solana,Solana blockchain,,,,,,,
solidity,,,,,,,,
sorare,,,,,,,,
soulbound token,Soulbound tokens,,,,,,,
spankchain,,,,,,,,
sperax,,,,,,,,
sphynx network,,,,,,,,
Stabilisation mechanisms,Stabilization mechanisms,Stabilisation mechanism,Stabilization mechanism,,,,,
stablecoin,stablecoins,Stable coin,Stable coins,,,,,
stakeholders,,,,,,,,
stakes,stake,,,,,,,
staking,,,,,,,,
Star atlas,staratlas,,,,,,,
steganography,,,,,,,,
stellar,Stellar blockchain,,,,,,,
substratum,,,,,,,,
supertokens,supertoken,,,,,,,
Supply chain management,,,,,,,,
surveymonkey,,,,,,,,
sushiswap,,,,,,,,
swachhcoin,,,,,,,,
Switching costs,Switching cost,,,,,,,
Sybil attacks,Sybil attack,,,,,,,
Symmetric cryptography,,,,,,,,
synthetix,,,,,,,,
syscoin,,,,,,,,
taproot,,,,,,,,
tendermint,,,,,,,,
Terra,,,,,,,,
Terra virtua,,,,,,,,
terragreen,,,,,,,,
tezbridge,,,,,,,,
Third party oracle,Third party oracles,,,,,,,
tierion,,,,,,,,
tiptoepunks,,,,,,,,
Titanium blockchain,,,,,,,,
Token 2049,token2049,,,,,,,
Token curated registries,Token curated registry,,,,,,,
Token design,,,,,,,,
Token distribution,,,,,,,,
Token economics,,,,,,,,
Token swap,Token swaps,,,,,,,
tokenasia,,,,,,,,
tokenisation,tokenization,,,,,,,
Tokenised asset,Tokenised assets,Tokenized assets,Tokenized asset,,,,,
Tokenised funds,Tokenised fund,Tokenized funds,Tokenized fund,,,,,
tokenized,tokenised,,,,,,,
tokenminds,Token minds,,,,,,,
tokenomics,,,,,,,,
tokens,token,,,,,,,
tokflow,,,,,,,,
totem,,,,,,,,
traceability,,,,,,,,
travelchain,,,,,,,,
trezor,,,,,,,,
Trezor hardware wallet,Trezor hardware wallets,,,,,,,
truffle,,,,,,,,
Truffle suite,,,,,,,,
Trust crypto wallet,,,,,,,,
Trusted computing,,,,,,,,
Two factor authentication,2 factor authentication,,,,,,,
Types of tokens,,,,,,,,
uniswap,,,,,,,,
Unstoppable domains,Unstoppable domain,,,,,,,
usdc,,,,,,,,
Utility tokens,Utility token,,,,,,,
vectorspace,,,,,,,,
Velvet capital,,,,,,,,
venture capital,,,,,,,,
venus,,,,,,,,
vesting schedule,,,,,,,,
Vitalik Buterin,,,,,,,,
wallet,wallets,,,,,,,
Waverley software,,,,,,,,
web3,,,,,,,,
White paper,White papers,,,,,,,
World blockchain summit,,,,,,,,
wrapping,,,,,,,,
xrapid,,,,,,,,
Yellow network,,,,,,,,
Yield farming protocol,Yield farming protocols,,,,,,,
Zero knowledge proofs,Zero knowledge proof,zkps,zkp,,,,,
Zero trust,,,,,,,,
zignaly,,,,,,,,
Zk rollups,Zk rollup,Zero knowledge rollups,Zero knowledge rollup,,,,,
zksnarks,Zk snarks,zksnark,zksnarks,,,,,
Zkstarks,zkstark,Zk stark,Zk starks,,,,,
Hash table,Hash tables,,,,,,,
Defi wallet,Defi wallets,,,,,,,
scantrust,,,,,,,,
Hyperledger indy,hyper ledger indy,,,,,,,
Sap cloud,,,,,,,,
Quorum blockchain,,,,,,,,
Defi token,Defi tokens,,,,,,,
World economic forum,,,,,,,,
Trapdoor function,,,,,,,,
scriptpubkey,,,,,,,,
encryption,,,,,,,,
Public key encryption,,,,,,,,
Private key encryption,,,,,,,,
Public key cryptography,,,,,,,,
Private key cryptography,,,,,,,,
Digital dollar wallet,,,,,,,,
hyperledger besu,Hyper ledger besu,,,,,,,
Hyperledger burrow,Hyper ledger burrow,,,,,,,
Hyperledger quilt,Hyper ledger quilt,,,,,,,
Decentralised identifier,Decentralised identifiers,Decentralized identifier,Decentralized identifiers,,,,,
Internet of money,,,,,,,,
Haul carrier,,,,,,,,
Cryptographic algorithms,Cryptographic algorithm,,,,,,,
Smart contract security,,,,,,,,
Cyber hacks,Cyber hack,cyberhacks,cyberhack,,,,,
Digital process automation,,,,,,,,
Contour blockchain,,,,,,,,
Hyperledger fabric consensus,,,,,,,,
nep5,,,,,,,,
nep8,,,,,,,,
zeepin,,,,,,,,
Moonlight,,,,,,,,
Bitcoin segwit,,,,,,,,
digixdao,,,,,,,,
spectrecoin,,,,,,,,
Ethereum plasma,,,,,,,,
Ethereum wallet,,,,,,,,
